IBGE;Reginal;Município;IIP;Status;A1 e A2;B e C;D1, D2 e E;Predominante
314650;Divinópolis;Pains;9;Risco de Epidemia;2;17;10;Depósitos domiciliares
314110;Belo Horizonte;Matozinhos;8;Risco de Epidemia;42;23;28;Reservatórios de água
314700;Unaí;Paracatu;7,6;Risco de Epidemia;47;50;27;Depósitos domiciliares
314030;Coronel Fabriciano;Marliéria;7,5;Risco de Epidemia;14;10;3;Reservatórios de água
312320;Divinópolis;Dores do Indaiá;6,9;Risco de Epidemia;5;19;10;Depósitos domiciliares
311180;Ituiutaba;Canápolis;6,9;Risco de Epidemia;14;18;15;Depósitos domiciliares
315130;Ubá;Piraúba;6,8;Risco de Epidemia;2;11;2;Depósitos domiciliares
314170;Coronel Fabriciano;Mesquita;6,6;Risco de Epidemia;13;1;11;Reservatórios de água
311750;Itabira;Conceição do Mato Dentro;6,5;Risco de Epidemia;10;3;10;mais de um predominante
312770;Governador Valadares;Governador Valadares;6,5;Risco de Epidemia;75;283;51;Depósitos domiciliares
315410;Leopoldina;Recreio;6,4;Risco de Epidemia;6;10;1;Depósitos domiciliares
313110;Sete Lagoas;Inimutaba;6,4;Risco de Epidemia;7;8;2;Depósitos domiciliares
310980;Ituiutaba;Cachoeira Dourada;6,3;Risco de Epidemia;9;16;5;Depósitos domiciliares
314150;Governador Valadares;Mendes Pimentel;6;Risco de Epidemia;13;10;0;Reservatórios de água
313410;Governador Valadares;Itueta;6;Risco de Epidemia;1;15;2;Depósitos domiciliares
314585;Ponte Nova;Oratórios;6;Risco de Epidemia;15;3;3;Reservatórios de água
315150;Passos;Piumhi;6;Risco de Epidemia;7;36;21;Depósitos domiciliares
310630;Coronel Fabriciano;Belo Oriente;5,9;Risco de Epidemia;14;6;6;Reservatórios de água
310740;Divinópolis;Bom Despacho;5,9;Risco de Epidemia;14;45;22;Depósitos domiciliares
310420;Divinópolis;Arcos;5,8;Risco de Epidemia;25;36;22;Depósitos domiciliares
313660;Belo Horizonte;Nova União;5,7;Risco de Epidemia;0;3;3;mais de um predominante
312470;Divinópolis;Estrela do Indaiá;5,5;Risco de Epidemia;2;16;4;Depósitos domiciliares
315720;Itabira;Santa Bárbara;5,5;Risco de Epidemia;23;13;12;Reservatórios de água
312610;Divinópolis;Formiga;5,5;Risco de Epidemia;48;36;30;Reservatórios de água
315010;Juiz de Fora;Piau;5,4;Risco de Epidemia;14;0;3;Reservatórios de água
314280;Uberlândia;Monte Alegre de Minas;5,3;Risco de Epidemia;3;5;17;Lixo
311455;Uberaba;Carneirinho;5,2;Risco de Epidemia;5;5;2;mais de um predominante
315110;Leopoldina;Pirapetinga;5,2;Risco de Epidemia;4;6;2;Depósitos domiciliares
313880;Divinópolis;Luz;5,2;Risco de Epidemia;1;22;8;Depósitos domiciliares
313375;Passos;Itaú de Minas;5,1;Risco de Epidemia;6;4;5;Reservatórios de água
317050;Ponte Nova;Urucânia;5;Risco de Epidemia;12;2;1;Reservatórios de água
313720;Divinópolis;Lagoa da Prata;5;Risco de Epidemia;8;39;22;Depósitos domiciliares
311265;Governador Valadares;Capitão Andrade;4,9;Risco de Epidemia;9;1;0;Reservatórios de água
315060;Divinópolis;Piracema;4,9;Risco de Epidemia;8;1;5;Reservatórios de água
313925;Montes Claros;Mamonas;4,7;Risco de Epidemia;12;0;0;Reservatórios de água
314240;Divinópolis;Moema;4,7;Risco de Epidemia;2;10;1;Depósitos domiciliares
314560;Divinópolis;Oliveira;4,7;Risco de Epidemia;12;20;12;Depósitos domiciliares
310445;Diamantina;Aricanduva;4,6;Risco de Epidemia;23;0;0;Reservatórios de água
313665;Belo Horizonte;Juatuba;4,5;Risco de Epidemia;7;28;21;Depósitos domiciliares
313862;Uberaba;Limeira do Oeste;4,4;Risco de Epidemia;6;3;2;Reservatórios de água
313460;Belo Horizonte;Jaboticatubas;4,4;Risco de Epidemia;4;6;13;Lixo
315540;Juiz de Fora;Rio Novo;4,3;Risco de Epidemia;7;5;0;Reservatórios de água
312650;Diamantina;Francisco Badaró;4,3;Risco de Epidemia;37;25;5;Reservatórios de água
315880;Divinópolis;Santana do Jacaré;4,2;Risco de Epidemia;3;4;4;mais de um predominante
316870;Coronel Fabriciano;Timóteo;4,2;Risco de Epidemia;17;28;10;Depósitos domiciliares
317040;Unaí;Unaí;4,2;Risco de Epidemia;11;61;10;Depósitos domiciliares
310440;Leopoldina;Argirita;4,1;Risco de Epidemia;5;6;7;Lixo
311120;Divinópolis;Campo Belo;4,1;Risco de Epidemia;14;19;24;Lixo
315400;Ponte Nova;Raul Soares;4,1;Risco de Epidemia;9;32;29;Depósitos domiciliares
314465;Montes Claros;Ninheira;4;Risco de Epidemia;9;1;0;Reservatórios de água
310110;Governador Valadares;Aimorés;4;Risco de Epidemia;2;19;1;Depósitos domiciliares
310340;Diamantina;Araçuaí;4;Risco de Epidemia;36;16;2;Reservatórios de água
312965;Januária;Ibiracatu;4;Risco de Epidemia;3;7;3;Depósitos domiciliares
310390;Divinópolis;Araújos;4;Risco de Epidemia;12;2;6;Reservatórios de água
310900;Belo Horizonte;Brumadinho;4;Risco de Epidemia;5;9;10;Lixo
315050;Divinópolis;Pimenta;4;Risco de Epidemia;4;13;12;Depósitos domiciliares
313420;Ituiutaba;Ituiutaba;4;Risco de Epidemia;1;99;28;Depósitos domiciliares
314520;Divinópolis;Nova Serrana;4;Risco de Epidemia;15;28;38;Lixo
316470;Passos;São Sebastião do Paraíso;4;Risco de Epidemia;15;35;44;Lixo
317020;Uberlândia;Uberlândia;4;Risco de Epidemia;58;364;240;Depósitos domiciliares
313980;Juiz de Fora;Mar de Espanha;3,9;Alerta;4;3;4;mais de um predominante
314640;Sete Lagoas;Paineiras;3,8;Alerta;2;4;2;Depósitos domiciliares
312480;Uberlândia;Estrela do Sul;3,8;Alerta;3;3;3;mais de um predominante
315980;Ituiutaba;Santa Vitória;3,8;Alerta;6;11;3;Depósitos domiciliares
312970;Passos;Ibiraci;3,8;Alerta;5;1;13;Lixo
316990;Ubá;Ubá;3,8;Alerta;40;39;14;Reservatórios de água
316210;Patos de Minas;São Gotardo;3,7;Alerta;9;5;10;Lixo
314625;Montes Claros;Padre Carvalho;3,6;Alerta;8;0;0;Reservatórios de água
312385;Coronel Fabriciano;Entre Folhas;3,6;Alerta;4;1;2;Reservatórios de água
316780;Varginha;Soledade de Minas;3,6;Alerta;7;3;3;Reservatórios de água
310510;Divinópolis;Bambuí;3,6;Alerta;2;21;10;Depósitos domiciliares
310710;Varginha;Boa Esperança;3,6;Alerta;2;10;12;Lixo
314790;Passos;Passos;3,6;Alerta;25;39;48;Lixo
312230;Divinópolis;Divinópolis;3,6;Alerta;49;83;80;Depósitos domiciliares
314330;Montes Claros;Montes Claros;3,5;Alerta;269;93;5;Reservatórios de água
313440;Uberaba;Iturama;3,5;Alerta;10;12;7;Depósitos domiciliares
310540;Itabira;Barão de Cocais;3,5;Alerta;1;2;13;Lixo
312670;Montes Claros;Francisco Sá;3,4;Alerta;9;1;0;Reservatórios de água
315737;Montes Claros;Santa Cruz de Salinas;3,4;Alerta;11;4;0;Reservatórios de água
313610;Coronel Fabriciano;Joanésia;3,4;Alerta;10;2;1;Reservatórios de água
317100;Patos de Minas;Vazante;3,4;Alerta;4;8;5;Depósitos domiciliares
311995;Divinópolis;Córrego Fundo;3,4;Alerta;1;1;6;Lixo
312810;Passos;Guapé;3,4;Alerta;1;6;10;Lixo
312120;Passos;Delfinópolis;3,4;Alerta;0;4;11;Lixo
310940;Pirapora;Buritizeiro;3,3;Alerta;6;2;0;Reservatórios de água
311890;Sete Lagoas;Cordisburgo;3,3;Alerta;0;4;3;Depósitos domiciliares
311940;Coronel Fabriciano;Coronel Fabriciano;3,3;Alerta;17;28;14;Depósitos domiciliares
316130;Uberaba;São Francisco de Sales;3,2;Alerta;3;5;1;Depósitos domiciliares
315200;Sete Lagoas;Pompéu;3,2;Alerta;15;16;5;Depósitos domiciliares
316553;Belo Horizonte;Sarzedo;3,2;Alerta;8;10;13;Lixo
314545;Montes Claros;Olhos-d'Água;3,1;Alerta;7;0;0;Reservatórios de água
310890;Pouso Alegre;Brasópolis;3,1;Alerta;3;2;3;mais de um predominante
315140;Divinópolis;Pitangui;3,1;Alerta;11;21;5;Depósitos domiciliares
313010;Belo Horizonte;Igarapé;3,1;Alerta;10;22;10;Depósitos domiciliares
311570;Governador Valadares;Central de Minas;3;Alerta;9;0;0;Reservatórios de água
315217;Pedra Azul;Ponto dos Volantes;3;Alerta;5;1;0;Reservatórios de água
315450;Montes Claros;Riacho dos Machados;3;Alerta;4;2;1;Reservatórios de água
312430;Montes Claros;Espinosa;3;Alerta;10;3;1;Reservatórios de água
310190;Passos;Alpinópolis;3;Alerta;6;4;4;Reservatórios de água
313940;Manhumirim;Manhuaçu;3;Alerta;12;16;20;Lixo
317010;Uberaba;Uberaba;3;Alerta;42;138;83;Depósitos domiciliares
315070;Uberaba;Pirajuba;2,9;Alerta;0;2;5;Lixo
314360;Sete Lagoas;Morro da Garça;2,8;Alerta;6;4;1;Reservatórios de água
311450;Divinópolis;Carmópolis de Minas;2,8;Alerta;3;3;2;mais de um predominante
311240;Passos;Capetinga;2,8;Alerta;0;7;2;Depósitos domiciliares
316940;Varginha;Três Pontas;2,8;Alerta;4;18;7;Depósitos domiciliares
311660;Divinópolis;Cláudio;2,8;Alerta;2;18;9;Depósitos domiciliares
312090;Sete Lagoas;Curvelo;2,8;Alerta;16;24;9;Depósitos domiciliares
313170;Itabira;Itabira;2,8;Alerta;22;21;10;Reservatórios de água
311530;Leopoldina;Cataguases;2,8;Alerta;7;15;12;Depósitos domiciliares
315250;Pouso Alegre;Pouso Alegre;2,8;Alerta;35;44;36;Depósitos domiciliares
310925;Coronel Fabriciano;Bugre;2,7;Alerta;13;2;0;Reservatórios de água
310460;Leopoldina;Astolfo Dutra;2,7;Alerta;0;14;1;Depósitos domiciliares
313140;Ituiutaba;Ipiaçu;2,7;Alerta;7;5;3;Reservatórios de água
315790;Manhumirim;Santa Margarida;2,7;Alerta;1;2;4;Lixo
314430;Teófilo Otoni;Nanuque;2,7;Alerta;14;6;4;Reservatórios de água
312020;Divinópolis;Cristais;2,7;Alerta;2;0;6;Lixo
314480;Belo Horizonte;Nova Lima;2,7;Alerta;5;37;30;Depósitos domiciliares
315670;Belo Horizonte;Sabará;2,7;Alerta;13;13;41;Lixo
313545;Diamantina;Jenipapo de Minas;2,6;Alerta;14;0;0;Reservatórios de água
317080;Pirapora;Várzea da Palma;2,6;Alerta;17;10;0;Reservatórios de água
314860;Governador Valadares;Peçanha;2,6;Alerta;8;3;1;Reservatórios de água
316460;Divinópolis;São Sebastião do Oeste;2,6;Alerta;2;2;2;mais de um predominante
316260;Coronel Fabriciano;São João do Oriente;2,6;Alerta;2;0;4;Lixo
316935;Sete Lagoas;Três Marias;2,6;Alerta;9;8;5;Reservatórios de água
312730;Governador Valadares;Galiléia;2,5;Alerta;4;1;1;Reservatórios de água
312880;Ubá;Guidoval;2,5;Alerta;1;2;2;mais de um predominante
317210;Leopoldina;Volta Grande;2,5;Alerta;1;1;3;Lixo
314590;Barbacena;Ouro Branco;2,5;Alerta;12;9;4;Reservatórios de água
313800;Leopoldina;Laranjal;2,5;Alerta;0;0;6;Lixo
315020;Ponte Nova;Piedade de Ponte Nova;2,4;Alerta;11;0;0;Reservatórios de água
315360;Sete Lagoas;Prudente de Morais;2,4;Alerta;8;3;0;Reservatórios de água
314740;Sete Lagoas;Paraopeba;2,4;Alerta;14;8;1;Reservatórios de água
310520;Pedra Azul;Bandeira;2,4;Alerta;5;3;3;Reservatórios de água
311190;Divinópolis;Cana Verde;2,4;Alerta;1;1;9;Lixo
317120;Belo Horizonte;Vespasiano;2,4;Alerta;12;19;26;Lixo
316310;Divinópolis;São José da Varginha;2,3;Alerta;6;0;0;Reservatórios de água
314100;Montes Claros;Mato Verde;2,3;Alerta;5;1;0;Reservatórios de água
313970;Sete Lagoas;Maravilhas;2,3;Alerta;3;5;2;Depósitos domiciliares
312720;Sete Lagoas;Funilândia;2,3;Alerta;4;0;4;mais de um predominante
312910;Ituiutaba;Gurinhatã;2,3;Alerta;1;1;5;Lixo
314410;Alfenas;Muzambinho;2,3;Alerta;1;1;8;Lixo
315210;Ponte Nova;Ponte Nova;2,3;Alerta;12;10;8;Reservatórios de água
313620;Itabira;João Monlevade;2,3;Alerta;15;12;12;Reservatórios de água
316250;São João Del Rei;São João del Rei;2,3;Alerta;17;16;13;Reservatórios de água
313130;Coronel Fabriciano;Ipatinga;2,3;Alerta;30;59;14;Depósitos domiciliares
313670;Juiz de Fora;Juiz de Fora;2,3;Alerta;32;73;66;Depósitos domiciliares
315650;Montes Claros;Rubelita;2,2;Alerta;8;0;0;Reservatórios de água
311270;Montes Claros;Capitão Enéas;2,2;Alerta;4;2;0;Reservatórios de água
310070;Uberaba;Água Comprida;2,2;Alerta;3;3;1;mais de um predominante
313020;Divinópolis;Igaratinga;2,2;Alerta;0;0;4;Lixo
312070;Patos de Minas;Cruzeiro da Fortaleza;2,2;Alerta;7;0;4;Reservatórios de água
314400;Manhumirim;Mutum;2,2;Alerta;2;7;5;Depósitos domiciliares
314810;Uberlândia;Patrocínio;2,2;Alerta;8;12;17;Lixo
313380;Divinópolis;Itaúna;2,2;Alerta;2;23;29;Lixo
310285;Teófilo Otoni;Angelândia;2,1;Alerta;5;0;0;Reservatórios de água
312087;Montes Claros;Curral de Dentro;2,1;Alerta;5;0;0;Reservatórios de água
315390;Belo Horizonte;Raposos;2,1;Alerta;4;1;0;Reservatórios de água
314870;Pedra Azul;Pedra Azul;2,1;Alerta;16;1;0;Reservatórios de água
311547;Montes Claros;Catuti;2,1;Alerta;7;2;0;Reservatórios de água
314290;Montes Claros;Monte Azul;2,1;Alerta;10;2;0;Reservatórios de água
312570;Sete Lagoas;Felixlândia;2,1;Alerta;7;4;1;Reservatórios de água
311050;Pouso Alegre;Camanducaia;2,1;Alerta;2;1;2;mais de um predominante
310320;Sete Lagoas;Araçaí;2,1;Alerta;5;2;2;Reservatórios de água
312010;Diamantina;Couto de Magalhães de Minas;2,1;Alerta;4;3;5;Lixo
314890;Divinópolis;Pedra do Indaiá;2,1;Alerta;2;0;7;Lixo
312710;Uberaba;Frutal;2,1;Alerta;9;20;9;Depósitos domiciliares
314915;Januária;Pedras de Maria da Cruz;2;Alerta;5;0;0;Reservatórios de água
313730;Montes Claros;Lagoa dos Patos;2;Alerta;7;0;0;Reservatórios de água
313540;Barbacena;Jeceaba;2;Alerta;8;0;0;Reservatórios de água
310500;Sete Lagoas;Baldim;2;Alerta;2;3;0;Depósitos domiciliares
310060;Governador Valadares;Água Boa;2;Alerta;0;6;0;Depósitos domiciliares
315580;Ubá;Rio Pomba;2;Alerta;0;8;0;Depósitos domiciliares
312695;Governador Valadares;Frei Lagonegro;2;Alerta;4;0;1;Reservatórios de água
312790;Uberlândia;Grupiara;2;Alerta;2;1;2;mais de um predominante
312270;Ponte Nova;Dom Silvério;2;Alerta;6;1;2;Reservatórios de água
314500;Uberlândia;Nova Ponte;2;Alerta;0;3;2;Depósitos domiciliares
310800;São João Del Rei;Bom Sucesso;2;Alerta;1;1;3;Lixo
316510;Passos;São Tomás de Aquino;2;Alerta;1;1;3;Lixo
311730;Uberaba;Conceição das Alagoas;2;Alerta;2;1;7;Lixo
313450;Varginha;Itutinga;2;Alerta;13;3;7;Reservatórios de água
311640;Passos;Claraval;2;Alerta;0;4;7;Lixo
314710;Divinópolis;Pará de Minas;2;Alerta;18;19;11;Depósitos domiciliares
310350;Uberlândia;Araguari;2;Alerta;13;20;23;Lixo
310160;Alfenas;Alfenas;2;Alerta;11;19;24;Lixo
312707;Montes Claros;Fruta de Leite;1,9;Alerta;4;0;0;Reservatórios de água
314850;Teófilo Otoni;Pavão;1,9;Alerta;5;0;0;Reservatórios de água
316270;Montes Claros;São João do Paraíso;1,9;Alerta;5;0;0;Reservatórios de água
316670;Teófilo Otoni;Serra dos Aimorés;1,9;Alerta;9;0;0;Reservatórios de água
310300;Coronel Fabriciano;Antônio Dias;1,9;Alerta;3;1;0;Reservatórios de água
312290;Leopoldina;Dona Eusébia;1,9;Alerta;3;1;0;Reservatórios de água
315733;São João Del Rei;Santa Cruz de Minas;1,9;Alerta;3;2;0;Reservatórios de água
311160;Alfenas;Campos Gerais;1,9;Alerta;7;1;1;Reservatórios de água
310640;Belo Horizonte;Belo Vale;1,9;Alerta;1;2;1;Depósitos domiciliares
311340;Coronel Fabriciano;Caratinga;1,9;Alerta;17;24;2;Depósitos domiciliares
313640;Montes Claros;Joaquim Felício;1,9;Alerta;3;5;3;Depósitos domiciliares
314130;Divinópolis;Medeiros;1,9;Alerta;1;2;5;Lixo
312950;Uberaba;Ibiá;1,9;Alerta;1;5;9;Lixo
313700;Teófilo Otoni;Ladainha;1,8;Alerta;4;0;0;Reservatórios de água
312030;Montes Claros;Cristália;1,8;Alerta;5;0;0;Reservatórios de água
312675;Teófilo Otoni;Franciscópolis;1,8;Alerta;7;0;0;Reservatórios de água
312825;Montes Claros;Guaraciama;1,8;Alerta;3;1;0;Reservatórios de água
315840;Leopoldina;Santana de Cataguases;1,8;Alerta;3;3;0;mais de um predominante
315590;Juiz de Fora;Rio Preto;1,8;Alerta;0;4;0;Depósitos domiciliares
310730;Montes Claros;Bocaiúva;1,8;Alerta;12;6;0;Reservatórios de água
310310;Ubá;Antônio Prado de Minas;1,8;Alerta;0;3;1;Depósitos domiciliares
314320;Passos;Monte Santo de Minas;1,8;Alerta;2;4;2;Depósitos domiciliares
316010;Ponte Nova;Santo Antônio do Grama;1,8;Alerta;1;7;2;Depósitos domiciliares
310960;Sete Lagoas;Cachoeira da Prata;1,8;Alerta;0;1;3;Lixo
313190;Belo Horizonte;Itabirito;1,8;Alerta;5;6;5;Depósitos domiciliares
314390;Ubá;Muriaé;1,8;Alerta;13;12;11;Reservatórios de água
317090;Januária;Varzelândia;1,7;Alerta;4;0;0;Reservatórios de água
314250;Sete Lagoas;Monjolos;1,7;Alerta;4;1;0;Reservatórios de água
313400;Pedra Azul;Itinga;1,7;Alerta;7;1;0;Reservatórios de água
313810;Pirapora;Lassance;1,7;Alerta;11;1;0;Reservatórios de água
310080;Divinópolis;Aguanil;1,7;Alerta;6;2;0;Reservatórios de água
310990;Sete Lagoas;Caetanópolis;1,7;Alerta;3;4;0;Depósitos domiciliares
311110;Ituiutaba;Campina Verde;1,7;Alerta;3;6;0;Depósitos domiciliares
313270;Teófilo Otoni;Itambacuri;1,7;Alerta;2;7;0;Depósitos domiciliares
310910;Pouso Alegre;Bueno Brandão;1,7;Alerta;0;6;1;Depósitos domiciliares
312580;Governador Valadares;Fernandes Tourinho;1,7;Alerta;2;6;1;Depósitos domiciliares
310040;Ponte Nova;Acaiaca;1,7;Alerta;5;0;2;Reservatórios de água
315170;Alfenas;Poço Fundo;1,7;Alerta;0;2;2;mais de um predominante
316292;Belo Horizonte;São Joaquim de Bicas;1,7;Alerta;8;2;4;Reservatórios de água
316290;Juiz de Fora;São João Nepomuceno;1,7;Alerta;0;4;7;Lixo
315895;Coronel Fabriciano;Santana do Paraíso;1,7;Alerta;2;13;7;Depósitos domiciliares
312160;Diamantina;Diamantina;1,7;Alerta;3;3;22;Lixo
310670;Belo Horizonte;Betim;1,7;Alerta;50;54;59;Lixo
316225;Montes Claros;São João da Lagoa;1,6;Alerta;4;0;0;Reservatórios de água
313505;Montes Claros;Jaíba;1,6;Alerta;6;1;0;Reservatórios de água
313560;Montes Claros;Jequitaí;1,6;Alerta;1;3;0;Depósitos domiciliares
314820;Ubá;Patrocínio do Muriaé;1,6;Alerta;1;0;1;mais de um predominante
314690;Sete Lagoas;Papagaios;1,6;Alerta;7;0;1;Reservatórios de água
312900;Ubá;Guiricema;1,6;Alerta;1;1;1;mais de um predominante
310010;Uberlândia;Abadia dos Dourados;1,6;Alerta;1;2;1;Depósitos domiciliares
311430;Patos de Minas;Carmo do Paranaíba;1,6;Alerta;8;2;1;Reservatórios de água
316165;Governador Valadares;São Geraldo do Baixio;1,6;Alerta;6;0;2;Reservatórios de água
312990;Pouso Alegre;Ibitiúra de Minas;1,6;Alerta;4;1;3;Reservatórios de água
311200;Divinópolis;Candeias;1,6;Alerta;5;3;4;Reservatórios de água
311400;Divinópolis;Carmo da Mata;1,6;Alerta;0;4;5;Lixo
313490;Pouso Alegre;Jacutinga;1,6;Alerta;1;4;6;Lixo
310560;Barbacena;Barbacena;1,6;Alerta;11;7;10;Reservatórios de água
314800;Patos de Minas;Patos de Minas;1,6;Alerta;15;34;16;Depósitos domiciliares
315630;Ubá;Rodeiro;1,5;Alerta;2;1;0;Reservatórios de água
316500;São João Del Rei;São Tiago;1,5;Alerta;2;1;0;Reservatórios de água
312690;Governador Valadares;Frei Inocêncio;1,5;Alerta;5;1;0;Reservatórios de água
314080;Juiz de Fora;Matias Barbosa;1,5;Alerta;1;5;0;Depósitos domiciliares
316430;Passos;São Roque de Minas;1,5;Alerta;2;3;1;Depósitos domiciliares
310020;Sete Lagoas;Abaeté;1,5;Alerta;9;4;1;Reservatórios de água
315800;Itabira;Santa Maria de Itabira;1,5;Alerta;4;2;2;Reservatórios de água
316860;Teófilo Otoni;Teófilo Otoni;1,5;Alerta;24;21;4;Reservatórios de água
313900;Alfenas;Machado;1,5;Alerta;4;1;8;Lixo
311115;Januária;Campo Azul;1,4;Alerta;5;0;0;Reservatórios de água
312930;Coronel Fabriciano;Iapu;1,4;Alerta;2;1;0;Reservatórios de água
316390;Alfenas;São Pedro da União;1,4;Alerta;0;3;0;Depósitos domiciliares
315000;Teófilo Otoni;Pescador;1,4;Alerta;1;4;0;Depósitos domiciliares
310920;Sete Lagoas;Buenópolis;1,4;Alerta;2;6;0;Depósitos domiciliares
314015;Belo Horizonte;Mário Campos;1,4;Alerta;1;7;0;Depósitos domiciliares
315930;Juiz de Fora;Santa Rita de Jacutinga;1,4;Alerta;1;0;1;mais de um predominante
313100;Sete Lagoas;Inhaúma;1,4;Alerta;1;1;1;mais de um predominante
314160;Ubá;Mercês;1,4;Alerta;2;1;1;Reservatórios de água
316830;Belo Horizonte;Taquaraçu de Minas;1,4;Alerta;4;1;1;Reservatórios de água
311910;Sete Lagoas;Corinto;1,4;Alerta;4;2;1;Reservatórios de água
314120;Patos de Minas;Matutina;1,4;Alerta;1;4;1;Depósitos domiciliares
313950;Manhumirim;Manhumirim;1,4;Alerta;7;4;1;Reservatórios de água
314720;Alfenas;Paraguaçu;1,4;Alerta;1;5;1;Depósitos domiciliares
313290;Passos;Itamogi;1,4;Alerta;1;3;2;Depósitos domiciliares
314310;Uberlândia;Monte Carmelo;1,4;Alerta;3;8;8;mais de um predominante
317070;Varginha;Varginha;1,4;Alerta;9;18;12;Depósitos domiciliares
314085;Montes Claros;Matias Cardoso;1,3;Alerta;3;0;0;Reservatórios de água
315660;Pedra Azul;Rubim;1,3;Alerta;3;0;0;Reservatórios de água
316257;Governador Valadares;São João do Manteninha;1,3;Alerta;3;0;0;Reservatórios de água
312960;Pirapora;Ibiaí;1,3;Alerta;4;0;0;Reservatórios de água
316105;Governador Valadares;São Félix de Minas;1,3;Alerta;4;0;0;Reservatórios de água
316265;Montes Claros;São João do Pacuí;1,3;Alerta;6;0;0;Reservatórios de água
312235;Pedra Azul;Divisa Alegre;1,3;Alerta;2;1;0;Reservatórios de água
314795;Januária;Patis;1,3;Alerta;2;1;0;Reservatórios de água
311787;Belo Horizonte;Confins;1,3;Alerta;2;2;0;mais de um predominante
313657;Montes Claros;Josenópolis;1,3;Alerta;3;2;0;Reservatórios de água
315490;Ponte Nova;Rio Casca;1,3;Alerta;3;2;0;Reservatórios de água
312130;Juiz de Fora;Descoberto;1,3;Alerta;1;4;0;Depósitos domiciliares
311800;Barbacena;Congonhas;1,3;Alerta;5;5;0;mais de um predominante
312380;Montes Claros;Engenheiro Navarro;1,3;Alerta;0;6;0;Depósitos domiciliares
314960;Sete Lagoas;Pequi;1,3;Alerta;4;0;1;Reservatórios de água
317150;Governador Valadares;Mathias Lobato;1,3;Alerta;8;0;1;Reservatórios de água
316900;Ubá;Tocantins;1,3;Alerta;0;2;1;Depósitos domiciliares
311260;Ituiutaba;Capinópolis;1,3;Alerta;4;2;1;Reservatórios de água
317057;Coronel Fabriciano;Vargem Alegre;1,3;Alerta;0;1;2;Lixo
314980;Uberaba;Perdizes;1,3;Alerta;2;3;2;Depósitos domiciliares
310590;São João Del Rei;Barroso;1,3;Alerta;2;4;2;Depósitos domiciliares
313120;Manhumirim;Ipanema;1,3;Alerta;8;4;2;Reservatórios de água
315690;Uberaba;Sacramento;1,3;Alerta;3;5;2;Depósitos domiciliares
316850;Ponte Nova;Teixeiras;1,3;Alerta;2;0;3;Lixo
314920;Uberaba;Pedrinópolis;1,3;Alerta;1;0;4;Lixo
312640;Sete Lagoas;Fortuna de Minas;1,3;Alerta;2;0;4;Lixo
310150;Leopoldina;Além Paraíba;1,3;Alerta;2;3;4;Lixo
313840;Leopoldina;Leopoldina;1,3;Alerta;2;11;4;Depósitos domiciliares
311130;Alfenas;Campo do Meio;1,3;Alerta;6;0;5;Reservatórios de água
314990;Varginha;Perdões;1,3;Alerta;0;4;5;Lixo
314930;Belo Horizonte;Pedro Leopoldo;1,3;Alerta;4;10;5;Depósitos domiciliares
315960;Pouso Alegre;Santa Rita do Sapucaí;1,3;Alerta;5;1;6;Lixo
316100;Itabira;São Domingos do Prata;1,3;Alerta;4;2;6;Lixo
311080;Teófilo Otoni;Campanário;1,2;Alerta;4;0;0;Reservatórios de água
316240;Januária;São João da Ponte;1,2;Alerta;4;0;0;Reservatórios de água
311820;Uberaba;Conquista;1,2;Alerta;2;1;0;Reservatórios de água
316570;Ubá;Senador Firmino;1,2;Alerta;2;1;0;Reservatórios de água
313550;Ponte Nova;Jequeri;1,2;Alerta;1;2;0;Depósitos domiciliares
316245;Januária;São João das Missões;1,2;Alerta;2;3;0;Depósitos domiciliares
314450;São João Del Rei;Nazareno;1,2;Alerta;3;0;1;Reservatórios de água
310945;Unaí;Cabeceira Grande;1,2;Alerta;5;0;1;Reservatórios de água
312390;São João Del Rei;Entre Rios de Minas;1,2;Alerta;1;1;1;mais de um predominante
311370;Teófilo Otoni;Carlos Chagas;1,2;Alerta;5;2;1;Reservatórios de água
313740;São João Del Rei;Lagoa Dourada;1,2;Alerta;1;0;2;Lixo
310690;Juiz de Fora;Bicas;1,2;Alerta;3;0;2;Reservatórios de água
311580;Ituiutaba;Centralina;1,2;Alerta;1;3;2;Depósitos domiciliares
314460;Varginha;Nepomuceno;1,2;Alerta;1;4;2;Depósitos domiciliares
310840;Alfenas;Botelhos;1,2;Alerta;0;0;3;Lixo
311690;Uberaba;Comendador Gomes;1,2;Alerta;0;0;4;Lixo
313860;Juiz de Fora;Lima Duarte;1,2;Alerta;2;2;5;Lixo
312410;Belo Horizonte;Esmeraldas;1,2;Alerta;8;2;11;Lixo
315460;Belo Horizonte;Ribeirão das Neves;1,2;Alerta;40;23;32;Reservatórios de água
316220;Passos;São João Batista do Glória;1,1;Alerta;1;1;0;mais de um predominante
315190;Manhumirim;Pocrane;1,1;Alerta;2;1;0;Reservatórios de água
316750;Juiz de Fora;Simão Pereira;1,1;Alerta;2;1;0;Reservatórios de água
310260;Pouso Alegre;Andradas;1,1;Alerta;4;4;0;mais de um predominante
315415;Manhumirim;Reduto;1,1;Alerta;0;1;1;mais de um predominante
313507;Governador Valadares;Jampruca;1,1;Alerta;3;1;1;Reservatórios de água
313040;Varginha;Ijaci;1,1;Alerta;1;2;1;Depósitos domiciliares
311510;Passos;Cássia;1,1;Alerta;0;4;1;Depósitos domiciliares
310200;Alfenas;Alterosa;1,1;Alerta;0;0;2;Lixo
315760;Pirapora;Santa Fé de Minas;1,1;Alerta;2;0;2;mais de um predominante
316400;Ponte Nova;São Pedro dos Ferros;1,1;Alerta;0;1;2;Lixo
314510;Alfenas;Nova Resende;1,1;Alerta;0;0;3;Lixo
317200;Ubá;Visconde do Rio Branco;1,1;Alerta;2;7;3;Depósitos domiciliares
312200;Manhumirim;Divino;1,1;Alerta;1;1;4;Lixo
317130;Ponte Nova;Viçosa;1,1;Alerta;12;8;8;Reservatórios de água
316200;Varginha;São Gonçalo do Sapucaí;1,1;Alerta;12;14;8;Depósitos domiciliares
316720;Sete Lagoas;Sete Lagoas;1,1;Alerta;26;30;13;Depósitos domiciliares
311860;Belo Horizonte;Contagem;1,1;Alerta;47;61;39;Depósitos domiciliares
310620;Belo Horizonte;Belo Horizonte;1,1;Alerta;110;315;241;Depósitos domiciliares
316555;Teófilo Otoni;Setubinha;1;Alerta;3;1;0;Reservatórios de água
312733;Montes Claros;Gameleiras;1;Alerta;4;1;0;Reservatórios de água
314350;Sete Lagoas;Morada Nova de Minas;1;Alerta;2;2;0;mais de um predominante
311710;Alfenas;Conceição da Aparecida;1;Alerta;0;3;0;Depósitos domiciliares
316340;Ponte Nova;São José do Goiabal;1;Alerta;1;0;1;mais de um predominante
313180;Governador Valadares;Itabirinha;1;Alerta;2;0;1;Reservatórios de água
311280;Passos;Capitólio;1;Alerta;0;3;1;Depósitos domiciliares
313160;Uberlândia;Iraí de Minas;1;Alerta;0;0;2;Lixo
316680;Patos de Minas;Serra do Salitre;1;Alerta;0;0;2;Lixo
312920;Pouso Alegre;Heliodora;1;Alerta;0;2;2;mais de um predominante
313000;São João Del Rei;Ibituruna;1;Alerta;3;0;4;Lixo
313430;Varginha;Itumirim;1;Alerta;0;1;4;Lixo
314437;Unaí;Natalândia;1;Alerta;95;429;80;Depósitos domiciliares
312600;Belo Horizonte;Florestal;0,9;Satisfatório;2;0;0;Reservatórios de água
314630;Teófilo Otoni;Padre Paraíso;0,9;Satisfatório;2;0;0;Reservatórios de água
315213;Pirapora;Ponto Chique;0,9;Satisfatório;3;0;0;Reservatórios de água
313500;Coronel Fabriciano;Jaguaraçu;0,9;Satisfatório;1;1;0;mais de um predominante
315680;Diamantina;Sabinópolis;0,9;Satisfatório;1;1;0;mais de um predominante
312737;Governador Valadares;Goiabeira;0,9;Satisfatório;2;1;0;Reservatórios de água
315240;Teófilo Otoni;Poté;0,9;Satisfatório;3;1;0;Reservatórios de água
316710;Diamantina;Serro;0,9;Satisfatório;0;2;0;Depósitos domiciliares
313868;Januária;Luislândia;0,9;Satisfatório;0;3;0;Depósitos domiciliares
314050;Divinópolis;Martinho Campos;0,9;Satisfatório;2;3;0;Depósitos domiciliares
316295;Belo Horizonte;São José da Lapa;0,9;Satisfatório;3;3;0;mais de um predominante
310270;Pedra Azul;Cachoeira de Pajeú;0,9;Satisfatório;1;0;1;mais de um predominante
312860;Patos de Minas;Guarda-Mor;0,9;Satisfatório;1;1;1;mais de um predominante
316000;Leopoldina;Santo Antônio do Aventureiro;0,9;Satisfatório;2;1;1;Reservatórios de água
313220;Divinópolis;Itaguara;0,9;Satisfatório;2;3;1;Depósitos domiciliares
315850;Sete Lagoas;Santana de Pirapama;0,9;Satisfatório;0;0;2;Lixo
314470;Itabira;Nova Era;0,9;Satisfatório;3;2;2;Reservatórios de água
316294;Passos;São José da Barra;0,9;Satisfatório;0;0;3;Lixo
315820;Governador Valadares;Santa Maria do Suaçuí;0,9;Satisfatório;2;0;3;Lixo
311330;Manhumirim;Carangola;0,9;Satisfatório;2;7;3;Depósitos domiciliares
314060;Diamantina;Materlândia;0,9;Satisfatório;1;0;4;Lixo
316960;Uberlândia;Tupaciguara;0,9;Satisfatório;2;1;4;Lixo
315290;Passos;Pratápolis;0,9;Satisfatório;1;0;5;Lixo
311390;Varginha;Carmo da Cachoeira;0,9;Satisfatório;2;0;6;Lixo
314070;Belo Horizonte;Mateus Leme;0,9;Satisfatório;2;2;6;Lixo
315120;Pirapora;Pirapora;0,9;Satisfatório;2;4;6;Lixo
311980;Divinópolis;Córrego Danta;0,9;Satisfatório;2;0;11;Lixo
316120;Divinópolis;São Francisco de Paula;0,8;Satisfatório;2;0;0;Reservatórios de água
311140;Uberaba;Campo Florido;0,8;Satisfatório;2;0;0;Reservatórios de água
313650;Pedra Azul;Jordânia;0,8;Satisfatório;2;0;0;Reservatórios de água
315710;Pedra Azul;Salto da Divisa;0,8;Satisfatório;2;0;0;Reservatórios de água
313652;Diamantina;José Gonçalves de Minas;0,8;Satisfatório;3;0;0;Reservatórios de água
313370;Divinópolis;Itatiaiuçu;0,8;Satisfatório;1;1;0;mais de um predominante
315480;Belo Horizonte;Rio Acima;0,8;Satisfatório;1;1;0;mais de um predominante
316880;São João Del Rei;Tiradentes;0,8;Satisfatório;1;1;0;mais de um predominante
317052;Januária;Urucuia;0,8;Satisfatório;1;1;0;mais de um predominante
311545;Teófilo Otoni;Catuji;0,8;Satisfatório;2;1;0;Reservatórios de água
316800;Montes Claros;Taiobeiras;0,8;Satisfatório;3;1;0;Reservatórios de água
315770;Uberaba;Santa Juliana;0,8;Satisfatório;4;1;0;Reservatórios de água
310780;Coronel Fabriciano;Bom Jesus do Galho;0,8;Satisfatório;2;2;0;mais de um predominante
313250;Diamantina;Itamarandiba;0,8;Satisfatório;8;5;0;Reservatórios de água
313360;Pouso Alegre;Itapeva;0,8;Satisfatório;1;0;1;mais de um predominante
310810;Belo Horizonte;Bonfim;0,8;Satisfatório;0;1;1;mais de um predominante
310830;Pouso Alegre;Borda da Mata;0,8;Satisfatório;0;1;1;mais de um predominante
312240;Alfenas;Divisa Nova;0,8;Satisfatório;0;1;1;mais de um predominante
312340;Passos;Doresópolis;0,8;Satisfatório;0;1;1;mais de um predominante
312738;Juiz de Fora;Goianá;0,8;Satisfatório;2;1;1;Reservatórios de água
316040;Divinópolis;Santo Antônio do Monte;0,8;Satisfatório;7;1;1;Reservatórios de água
313340;Uberaba;Itapagipe;0,8;Satisfatório;1;2;1;Depósitos domiciliares
313350;Divinópolis;Itapecerica;0,8;Satisfatório;3;2;1;Reservatórios de água
313240;Pouso Alegre;Itajubá;0,8;Satisfatório;4;8;1;Depósitos domiciliares
312490;Ubá;Eugenópolis;0,8;Satisfatório;0;0;2;Lixo
315920;Pouso Alegre;Santa Rita de Caldas;0,8;Satisfatório;0;0;2;Lixo
312700;Uberaba;Fronteira;0,8;Satisfatório;2;0;2;mais de um predominante
316140;Ubá;São Francisco do Glória;0,8;Satisfatório;2;0;2;mais de um predominante
315860;Juiz de Fora;Santana do Deserto;0,8;Satisfatório;0;1;2;Lixo
314000;Belo Horizonte;Mariana;0,8;Satisfatório;4;4;2;mais de um predominante
310430;Alfenas;Areado;0,8;Satisfatório;0;1;3;Lixo
315160;Uberaba;Planura;0,8;Satisfatório;0;1;3;Lixo
311600;Manhumirim;Chalé;0,8;Satisfatório;0;0;4;Lixo
317110;Uberaba;Veríssimo;0,8;Satisfatório;1;0;4;Lixo
315750;Governador Valadares;Santa Efigênia de Minas;0,8;Satisfatório;2;3;7;Lixo
313760;Belo Horizonte;Lagoa Santa;0,8;Satisfatório;8;4;10;Lixo
312980;Belo Horizonte;Ibirité;0,8;Satisfatório;8;11;14;Lixo
315990;Divinópolis;Santo Antônio do Amparo;0,7;Satisfatório;0;0;0;Sem depósito
316770;Governador Valadares;Sobrália;0,7;Satisfatório;1;0;0;Reservatórios de água
312370;Governador Valadares;Engenheiro Caldas;0,7;Satisfatório;3;0;0;Reservatórios de água
316820;Divinópolis;Tapiraí;0,7;Satisfatório;0;1;0;Depósitos domiciliares
310410;Alfenas;Arceburgo;0,7;Satisfatório;1;1;0;mais de um predominante
313300;Varginha;Itamonte;0,7;Satisfatório;1;1;0;mais de um predominante
315270;São João Del Rei;Prados;0,7;Satisfatório;1;1;0;mais de um predominante
310380;Patos de Minas;Arapuá;0,7;Satisfatório;2;1;0;Reservatórios de água
311420;Divinópolis;Carmo do Cajuru;0,7;Satisfatório;2;1;0;Reservatórios de água
313920;Teófilo Otoni;Malacacheta;0,7;Satisfatório;3;1;0;Reservatórios de água
310170;Pedra Azul;Almenara;0,7;Satisfatório;4;1;0;Reservatórios de água
316300;Governador Valadares;São José da Safira;0,7;Satisfatório;1;2;0;Depósitos domiciliares
313520;Januária;Januária;0,7;Satisfatório;3;4;0;Depósitos domiciliares
316920;Manhumirim;Tombos;0,7;Satisfatório;1;0;1;mais de um predominante
311250;Sete Lagoas;Capim Branco;0,7;Satisfatório;1;1;1;mais de um predominante
314435;Coronel Fabriciano;Naque;0,7;Satisfatório;1;1;1;mais de um predominante
314995;Coronel Fabriciano;Periquito;0,7;Satisfatório;1;1;1;mais de um predominante
312080;Varginha;Cruzília;0,7;Satisfatório;2;1;1;Reservatórios de água
311000;Belo Horizonte;Caeté;0,7;Satisfatório;6;1;1;Reservatórios de água
316890;Patos de Minas;Tiros;0,7;Satisfatório;0;0;2;Lixo
311230;Diamantina;Capelinha;0,7;Satisfatório;8;0;2;Reservatórios de água
314730;Pouso Alegre;Paraisópolis;0,7;Satisfatório;0;1;2;Lixo
314950;Juiz de Fora;Pequeri;0,7;Satisfatório;0;2;2;mais de um predominante
310400;Uberaba;Araxá;0,7;Satisfatório;4;11;4;Depósitos domiciliares
315900;Belo Horizonte;Santana do Riacho;0,7;Satisfatório;2;0;5;Lixo
311060;Pouso Alegre;Cambuí;0,7;Satisfatório;0;2;5;Lixo
314610;Belo Horizonte;Ouro Preto;0,7;Satisfatório;3;1;6;Lixo
313820;Varginha;Lavras;0,7;Satisfatório;1;7;7;mais de um predominante
311920;Governador Valadares;Coroaci;0,6;Satisfatório;1;0;0;Reservatórios de água
311610;Diamantina;Chapada do Norte;0,6;Satisfatório;2;0;0;Reservatórios de água
314020;Juiz de Fora;Maripá de Minas;0,6;Satisfatório;2;0;0;Reservatórios de água
311170;Ponte Nova;Canaã;0,6;Satisfatório;3;0;0;Reservatórios de água
310570;Ponte Nova;Barra Longa;0,6;Satisfatório;1;1;0;mais de um predominante
312170;Ponte Nova;Diogo de Vasconcelos;0,6;Satisfatório;1;1;0;mais de um predominante
313055;Coronel Fabriciano;Imbé de Minas;0,6;Satisfatório;2;1;0;Reservatórios de água
316810;Uberaba;Tapira;0,6;Satisfatório;0;2;0;Depósitos domiciliares
314770;Divinópolis;Passa Tempo;0,6;Satisfatório;1;2;0;Depósitos domiciliares
310090;Teófilo Otoni;Águas Formosas;0,6;Satisfatório;1;3;0;Depósitos domiciliares
316060;Sete Lagoas;Santo Hipólito;0,6;Satisfatório;3;3;0;mais de um predominante
314090;Manhumirim;Matipó;0,6;Satisfatório;1;5;0;Depósitos domiciliares
312520;Alfenas;Fama;0,6;Satisfatório;1;0;1;mais de um predominante
314490;Teófilo Otoni;Nova Módica;0,6;Satisfatório;2;0;1;Reservatórios de água
317043;Uberaba;União de Minas;0,6;Satisfatório;2;0;1;Reservatórios de água
313770;Manhumirim;Lajinha;0,6;Satisfatório;1;1;1;mais de um predominante
314970;Divinópolis;Perdigão;0,6;Satisfatório;1;1;1;mais de um predominante
315310;Ubá;Presidente Bernardes;0,6;Satisfatório;1;1;1;mais de um predominante
317115;Coronel Fabriciano;Vermelho Novo;0,6;Satisfatório;0;2;1;Depósitos domiciliares
313510;Montes Claros;Janaúba;0,6;Satisfatório;5;3;1;Reservatórios de água
313260;Leopoldina;Itamarati de Minas;0,6;Satisfatório;0;0;2;Lixo
314055;Pedra Azul;Mata Verde;0,6;Satisfatório;0;0;2;Lixo
312660;Montes Claros;Francisco Dumont;0,5;Satisfatório;1;0;0;Reservatórios de água
315600;Diamantina;Rio Vermelho;0,5;Satisfatório;1;0;0;Reservatórios de água
316160;Governador Valadares;São Geraldo da Piedade;0,5;Satisfatório;1;0;0;Reservatórios de água
312735;Montes Claros;Glaucilândia;0,5;Satisfatório;2;0;0;Reservatórios de água
314675;Pedra Azul;Palmópolis;0,5;Satisfatório;2;0;0;Reservatórios de água
310930;Unaí;Buritis;0,5;Satisfatório;0;1;0;Depósitos domiciliares
313890;Teófilo Otoni;Machacalis;0,5;Satisfatório;0;1;0;Depósitos domiciliares
316030;Pedra Azul;Santo Antônio do Jacinto;0,5;Satisfatório;0;1;0;Depósitos domiciliares
310220;Governador Valadares;Alvarenga;0,5;Satisfatório;0;2;0;Depósitos domiciliares
316280;Governador Valadares;São João Evangelista;0,5;Satisfatório;1;2;0;Depósitos domiciliares
310030;Manhumirim;Abre Campo;0,5;Satisfatório;0;0;1;Lixo
311620;Juiz de Fora;Chiador;0,5;Satisfatório;0;0;1;Lixo
313080;Varginha;Ingaí;0,5;Satisfatório;0;0;1;Lixo
314940;Juiz de Fora;Pedro Teixeira;0,5;Satisfatório;0;0;1;Lixo
315610;São João Del Rei;Ritápolis;0,5;Satisfatório;0;0;1;Lixo
315725;Coronel Fabriciano;Santa Bárbara do Leste;0,5;Satisfatório;0;0;1;Lixo
312460;Leopoldina;Estrela Dalva;0,5;Satisfatório;1;0;1;mais de um predominante
316650;Diamantina;Serra Azul de Minas;0,5;Satisfatório;1;0;1;mais de um predominante
312870;Alfenas;Guaxupé;0,5;Satisfatório;4;1;1;Reservatórios de água
316930;Varginha;Três Corações;0,5;Satisfatório;2;6;1;Depósitos domiciliares
314190;Varginha;Minduri;0,5;Satisfatório;0;0;2;Lixo
315430;Governador Valadares;Resplendor;0,5;Satisfatório;0;0;2;Lixo
310600;Itabira;Bela Vista de Minas;0,4;Satisfatório;1;0;0;Reservatórios de água
311700;Pedra Azul;Comercinho;0,4;Satisfatório;1;0;0;Reservatórios de água
311870;Varginha;Coqueiral;0,4;Satisfatório;1;0;0;Reservatórios de água
311950;Diamantina;Coronel Murta;0,4;Satisfatório;1;0;0;Reservatórios de água
312100;Diamantina;Datas;0,4;Satisfatório;1;0;0;Reservatórios de água
312450;Pouso Alegre;Estiva;0,4;Satisfatório;1;0;0;Reservatórios de água
312560;Pedra Azul;Felisburgo;0,4;Satisfatório;1;0;0;Reservatórios de água
312780;Montes Claros;Grão Mogol;0,4;Satisfatório;1;0;0;Reservatórios de água
313005;Januária;Icaraí de Minas;0,4;Satisfatório;1;0;0;Reservatórios de água
313470;Pedra Azul;Jacinto;0,4;Satisfatório;1;0;0;Reservatórios de água
313600;Pedra Azul;Joaíma;0,4;Satisfatório;1;0;0;Reservatórios de água
315640;Uberlândia;Romaria;0,4;Satisfatório;1;0;0;Reservatórios de água
316180;Divinópolis;São Gonçalo do Pará;0,4;Satisfatório;1;0;0;Reservatórios de água
316690;Alfenas;Serrania;0,4;Satisfatório;1;0;0;Reservatórios de água
317075;Patos de Minas;Varjão de Minas;0,4;Satisfatório;1;0;0;Reservatórios de água
314530;Teófilo Otoni;Novo Cruzeiro;0,4;Satisfatório;2;0;0;Reservatórios de água
313990;Pouso Alegre;Maria da Fé;0,4;Satisfatório;3;0;0;Reservatórios de água
310480;Sete Lagoas;Augusto de Lima;0,4;Satisfatório;0;1;0;Depósitos domiciliares
311650;Montes Claros;Claro dos Poções;0,4;Satisfatório;0;1;0;Depósitos domiciliares
313210;Januária;Itacarambi;0,4;Satisfatório;0;1;0;Depósitos domiciliares
313480;Passos;Jacuí;0,4;Satisfatório;0;1;0;Depósitos domiciliares
315560;Montes Claros;Rio Pardo de Minas;0,4;Satisfatório;0;1;0;Depósitos domiciliares
313530;Divinópolis;Japaraíba;0,4;Satisfatório;1;1;0;mais de um predominante
313680;Montes Claros;Juramento;0,4;Satisfatório;1;1;0;mais de um predominante
313960;Governador Valadares;Mantena;0,4;Satisfatório;2;1;0;Reservatórios de água
311150;Uberaba;Campos Altos;0,4;Satisfatório;0;2;0;Depósitos domiciliares
316370;Varginha;São Lourenço;0,4;Satisfatório;2;2;0;mais de um predominante
312140;São João Del Rei;Desterro de Entre Rios;0,4;Satisfatório;0;0;1;Lixo
312760;Diamantina;Gouveia;0,4;Satisfatório;0;0;1;Lixo
314300;Alfenas;Monte Belo;0,4;Satisfatório;0;0;1;Lixo
314580;Divinópolis;Onça de Pitangui;0,4;Satisfatório;0;0;1;Lixo
314670;Leopoldina;Palma;0,4;Satisfatório;0;0;1;Lixo
315015;Coronel Fabriciano;Piedade de Caratinga;0,4;Satisfatório;0;0;1;Lixo
316255;Manhumirim;São João do Manhuaçu;0,4;Satisfatório;0;0;1;Lixo
316540;Pouso Alegre;Sapucaí-Mirim;0,4;Satisfatório;0;0;1;Lixo
311930;Uberlândia;Coromandel;0,4;Satisfatório;1;0;1;mais de um predominante
311440;Alfenas;Carmo do Rio Claro;0,4;Satisfatório;0;1;1;mais de um predominante
311880;Montes Claros;Coração de Jesus;0,4;Satisfatório;0;1;1;mais de um predominante
313050;Varginha;Ilicínea;0,4;Satisfatório;0;0;2;Lixo
315970;Patos de Minas;Santa Rosa da Serra;0,4;Satisfatório;0;0;2;Lixo
316805;Manhumirim;Taparuba;0,4;Satisfatório;0;0;2;Lixo
312420;Manhumirim;Espera Feliz;0,4;Satisfatório;1;0;2;Lixo
313753;Patos de Minas;Lagoa Grande;0,4;Satisfatório;0;1;3;Lixo
315230;Ponte Nova;Porto Firme;0,4;Satisfatório;3;1;4;Lixo
311500;Uberlândia;Cascalho Rico;0,4;Satisfatório;1;0;6;Lixo
315780;Belo Horizonte;Santa Luzia;0,4;Satisfatório;9;7;6;Reservatórios de água
312247;Unaí;Dom Bosco;0,3;Satisfatório;0;0;0;Sem depósito
314315;Pedra Azul;Monte Formoso;0,3;Satisfatório;0;0;0;Sem depósito
310760;Passos;Bom Jesus da Penha;0,3;Satisfatório;1;0;0;Reservatórios de água
311040;Divinópolis;Camacho;0,3;Satisfatório;1;0;0;Reservatórios de água
311960;Juiz de Fora;Coronel Pacheco;0,3;Satisfatório;1;0;0;Reservatórios de água
312015;Teófilo Otoni;Crisólita;0,3;Satisfatório;1;0;0;Reservatórios de água
312630;Passos;Fortaleza de Minas;0,3;Satisfatório;1;0;0;Reservatórios de água
314655;Montes Claros;Pai Pedro;0,3;Satisfatório;1;0;0;Reservatórios de água
315550;Patos de Minas;Rio Paranaíba;0,3;Satisfatório;1;0;0;Reservatórios de água
315890;Manhumirim;Santana do Manhuaçu;0,3;Satisfatório;1;0;0;Reservatórios de água
312550;Diamantina;São Gonçalo do Rio Preto;0,3;Satisfatório;1;0;0;Reservatórios de água
316450;Governador Valadares;São Sebastião do Maranhão;0,3;Satisfatório;1;0;0;Reservatórios de água
313580;Pedra Azul;Jequitinhonha;0,3;Satisfatório;2;0;0;Reservatórios de água
315700;Montes Claros;Salinas;0,3;Satisfatório;2;0;0;Reservatórios de água
310250;Ponte Nova;Amparo do Serra;0,3;Satisfatório;0;1;0;Depósitos domiciliares
310850;Montes Claros;Botumirim;0,3;Satisfatório;0;1;0;Depósitos domiciliares
311790;Pouso Alegre;Congonhal;0,3;Satisfatório;0;1;0;Depósitos domiciliares
312125;Uberaba;Delta;0,3;Satisfatório;0;1;0;Depósitos domiciliares
313030;Divinópolis;Iguatama;0,3;Satisfatório;0;1;0;Depósitos domiciliares
313570;Sete Lagoas;Jequitibá;0,3;Satisfatório;0;1;0;Depósitos domiciliares
313710;Patos de Minas;Lagamar;0,3;Satisfatório;0;1;0;Depósitos domiciliares
315500;Ponte Nova;Rio Doce;0,3;Satisfatório;0;1;0;Depósitos domiciliares
311090;Varginha;Campanha;0,3;Satisfatório;1;1;0;mais de um predominante
311740;Manhumirim;Conceição de Ipanema;0,3;Satisfatório;0;2;0;Depósitos domiciliares
313630;Patos de Minas;João Pinheiro;0,3;Satisfatório;2;2;0;mais de um predominante
310180;Governador Valadares;Alpercata;0,3;Satisfatório;0;0;1;Lixo
311070;Varginha;Cambuquira;0,3;Satisfatório;0;0;1;Lixo
311760;Divinópolis;Conceição do Pará;0,3;Satisfatório;0;0;1;Lixo
311970;São João Del Rei;Coronel Xavier Chaves;0,3;Satisfatório;0;0;1;Lixo
316790;Ubá;Tabuleiro;0,3;Satisfatório;0;0;1;Lixo
317140;Ubá;Vieiras;0,3;Satisfatório;0;0;1;Lixo
315280;Uberlândia;Prata;0,3;Satisfatório;1;0;1;mais de um predominante
310855;Patos de Minas;Brasilândia de Minas;0,3;Satisfatório;0;0;2;Lixo
311410;Varginha;Carmo de Minas;0,3;Satisfatório;0;0;3;Lixo
312820;Ponte Nova;Guaraciaba;0,3;Satisfatório;1;4;3;Depósitos domiciliares
310770;Itabira;Bom Jesus do Amparo;0,2;Satisfatório;1;0;0;Reservatórios de água
310870;Ubá;Brás Pires;0,2;Satisfatório;1;0;0;Reservatórios de água
312210;Governador Valadares;Divino das Laranjeiras;0,2;Satisfatório;1;0;0;Reservatórios de água
312350;Uberlândia;Douradoquara;0,2;Satisfatório;1;0;0;Reservatórios de água
314420;Governador Valadares;Nacip Raydan;0,2;Satisfatório;1;0;0;Reservatórios de água
315220;Montes Claros;Porteirinha;0,2;Satisfatório;1;0;0;Reservatórios de água
316095;Coronel Fabriciano;São Domingos das Dores;0,2;Satisfatório;1;0;0;Reservatórios de água
312190;Ubá;Divinésia;0,2;Satisfatório;0;1;0;Depósitos domiciliares
316070;Juiz de Fora;Santos Dumont;0,2;Satisfatório;0;1;0;Depósitos domiciliares
316970;Diamantina;Turmalina;0,2;Satisfatório;0;1;0;Depósitos domiciliares
311550;Varginha;Caxambu;0,2;Satisfatório;0;0;1;Lixo
312440;Pouso Alegre;Espírito Santo do Dourado;0,2;Satisfatório;0;0;1;Lixo
312940;Barbacena;Ibertioga;0,2;Satisfatório;0;0;1;Lixo
313750;Patos de Minas;Lagoa Formosa;0,2;Satisfatório;0;0;1;Lixo
315180;Pouso Alegre;Poços de Caldas;0,2;Satisfatório;2;1;6;Lixo
312800;Itabira;Guanhães;0,1;Satisfatório;1;0;0;Reservatórios de água
315340;Patos de Minas;Presidente Olegário;0,1;Satisfatório;1;0;0;Reservatórios de água
311830;Barbacena;Conselheiro Lafaiete;0,1;Satisfatório;0;1;2;Lixo
310050;Coronel Fabriciano;Açucena;0;Satisfatório;0;0;0;Sem depósito
310100;Pedra Azul;Águas Vermelhas;0;Satisfatório;0;0;0;Sem depósito
310120;Varginha;Aiuruoca;0;Satisfatório;0;0;0;Sem depósito
310130;Varginha;Alagoa;0;Satisfatório;0;0;0;Sem depósito
310140;Pouso Alegre;Albertina;0;Satisfatório;0;0;0;Sem depósito
310163;Barbacena;Alfredo Vasconcelos;0;Satisfatório;0;0;0;Sem depósito
310205;Manhumirim;Alto Caparaó;0;Satisfatório;0;0;0;Sem depósito
315350;Manhumirim;Alto Jequitibá;0;Satisfatório;0;0;0;Sem depósito
310210;Barbacena;Alto Rio Doce;0;Satisfatório;0;0;0;Sem depósito
310230;Ponte Nova;Alvinópolis;0;Satisfatório;0;0;0;Sem depósito
310240;Diamantina;Alvorada de Minas;0;Satisfatório;0;0;0;Sem depósito
310280;Juiz de Fora;Andrelândia;0;Satisfatório;0;0;0;Sem depósito
310290;Barbacena;Antônio Carlos;0;Satisfatório;0;0;0;Sem depósito
310330;Juiz de Fora;Aracitaba;0;Satisfatório;0;0;0;Sem depósito
310360;Juiz de Fora;Arantina;0;Satisfatório;0;0;0;Sem depósito
310370;Ponte Nova;Araponga;0;Satisfatório;0;0;0;Sem depósito
310375;Uberlândia;Araporã;0;Satisfatório;0;0;0;Sem depósito
310450;Unaí;Arinos;0;Satisfatório;0;0;0;Sem depósito
310470;Teófilo Otoni;Ataléia;0;Satisfatório;0;0;0;Sem depósito
310490;Varginha;Baependi;0;Satisfatório;0;0;0;Sem depósito
310530;Alfenas;Bandeira do Sul;0;Satisfatório;0;0;0;Sem depósito
310550;Ubá;Barão de Monte Alto;0;Satisfatório;0;0;0;Sem depósito
310610;Juiz de Fora;Belmiro Braga;0;Satisfatório;0;0;0;Sem depósito
310650;Diamantina;Berilo;0;Satisfatório;0;0;0;Sem depósito
310665;Montes Claros;Berizal;0;Satisfatório;0;0;0;Sem depósito
310660;Teófilo Otoni;Bertópolis;0;Satisfatório;0;0;0;Sem depósito
310680;Juiz de Fora;Bias Fortes;0;Satisfatório;0;0;0;Sem depósito
310700;Sete Lagoas;Biquinhas;0;Satisfatório;0;0;0;Sem depósito
310720;Juiz de Fora;Bocaina de Minas;0;Satisfatório;0;0;0;Sem depósito
310750;Juiz de Fora;Bom Jardim de Minas;0;Satisfatório;0;0;0;Sem depósito
310790;Pouso Alegre;Bom Repouso;0;Satisfatório;0;0;0;Sem depósito
310820;Unaí;Bonfinópolis de Minas;0;Satisfatório;0;0;0;Sem depósito
310825;Januária;Bonito de Minas;0;Satisfatório;0;0;0;Sem depósito
310860;Januária;Brasília de Minas;0;Satisfatório;0;0;0;Sem depósito
310880;Coronel Fabriciano;Braúnas;0;Satisfatório;0;0;0;Sem depósito
310950;Alfenas;Cabo Verde;0;Satisfatório;0;0;0;Sem depósito
310970;Pouso Alegre;Cachoeira de Minas;0;Satisfatório;0;0;0;Sem depósito
311010;Manhumirim;Caiana;0;Satisfatório;0;0;0;Sem depósito
311020;Ponte Nova;Cajuri;0;Satisfatório;0;0;0;Sem depósito
311030;Pouso Alegre;Caldas;0;Satisfatório;0;0;0;Sem depósito
311100;Alfenas;Campestre;0;Satisfatório;0;0;0;Sem depósito
311205;Governador Valadares;Cantagalo;0;Satisfatório;0;0;0;Sem depósito
311210;Manhumirim;Caparaó;0;Satisfatório;0;0;0;Sem depósito
311290;Manhumirim;Caputira;0;Satisfatório;0;0;0;Sem depósito
311300;Teófilo Otoni;Caraí;0;Satisfatório;0;0;0;Sem depósito
311310;Barbacena;Caranaíba;0;Satisfatório;0;0;0;Sem depósito
311320;Barbacena;Carandaí;0;Satisfatório;0;0;0;Sem depósito
311350;Diamantina;Carbonita;0;Satisfatório;0;0;0;Sem depósito
311360;Pouso Alegre;Careaçu;0;Satisfatório;0;0;0;Sem depósito
311380;Itabira;Carmésia;0;Satisfatório;0;0;0;Sem depósito
311460;Varginha;Carrancas;0;Satisfatório;0;0;0;Sem depósito
311480;Varginha;Carvalhos;0;Satisfatório;0;0;0;Sem depósito
311490;Barbacena;Casa Grande;0;Satisfatório;0;0;0;Sem depósito
311535;Itabira;Catas Altas;0;Satisfatório;0;0;0;Sem depósito
311540;Barbacena;Catas Altas da Noruega;0;Satisfatório;0;0;0;Sem depósito
311560;Sete Lagoas;Cedro do Abaeté;0;Satisfatório;0;0;0;Sem depósito
311590;Juiz de Fora;Chácara;0;Satisfatório;0;0;0;Sem depósito
311615;Unaí;Chapada Gaúcha;0;Satisfatório;0;0;0;Sem depósito
311630;Barbacena;Cipotânea;0;Satisfatório;0;0;0;Sem depósito
311670;Ubá;Coimbra;0;Satisfatório;0;0;0;Sem depósito
311680;Diamantina;Coluna;0;Satisfatório;0;0;0;Sem depósito
311520;São João Del Rei;Conceição da Barra de Minas;0;Satisfatório;0;0;0;Sem depósito
311720;Pouso Alegre;Conceição das Pedras;0;Satisfatório;0;0;0;Sem depósito
311770;Varginha;Conceição do Rio Verde;0;Satisfatório;0;0;0;Sem depósito
311780;Pouso Alegre;Conceição dos Ouros;0;Satisfatório;0;0;0;Sem depósito
311783;Januária;Cônego Marinho;0;Satisfatório;0;0;0;Sem depósito
311810;Diamantina;Congonhas do Norte;0;Satisfatório;0;0;0;Sem depósito
311840;Governador Valadares;Conselheiro Pena;0;Satisfatório;0;0;0;Sem depósito
311850;Pouso Alegre;Consolação;0;Satisfatório;0;0;0;Sem depósito
311900;Varginha;Cordislândia;0;Satisfatório;0;0;0;Sem depósito
312040;Barbacena;Cristiano Otoni;0;Satisfatório;0;0;0;Sem depósito
312050;Varginha;Cristina;0;Satisfatório;0;0;0;Sem depósito
312060;Belo Horizonte;Crucilândia;0;Satisfatório;0;0;0;Sem depósito
312083;Governador Valadares;Cuparaque;0;Satisfatório;0;0;0;Sem depósito
312110;Pouso Alegre;Delfim Moreira;0;Satisfatório;0;0;0;Sem depósito
312150;Barbacena;Desterro do Melo;0;Satisfatório;0;0;0;Sem depósito
312180;Coronel Fabriciano;Dionísio;0;Satisfatório;0;0;0;Sem depósito
312220;Governador Valadares;Divinolândia de Minas;0;Satisfatório;0;0;0;Sem depósito
312245;Pedra Azul;Divisópolis;0;Satisfatório;0;0;0;Sem depósito
312250;Coronel Fabriciano;Dom Cavati;0;Satisfatório;0;0;0;Sem depósito
312260;Itabira;Dom Joaquim;0;Satisfatório;0;0;0;Sem depósito
312280;Varginha;Dom Viçoso;0;Satisfatório;0;0;0;Sem depósito
312300;São João Del Rei;Dores de Campos;0;Satisfatório;0;0;0;Sem depósito
312310;Itabira;Dores de Guanhães;0;Satisfatório;0;0;0;Sem depósito
312330;Ubá;Dores do Turvo;0;Satisfatório;0;0;0;Sem depósito
312352;Manhumirim;Durandé;0;Satisfatório;0;0;0;Sem depósito
312360;Varginha;Elói Mendes;0;Satisfatório;0;0;0;Sem depósito
312400;Ubá;Ervália;0;Satisfatório;0;0;0;Sem depósito
312500;Juiz de Fora;Ewbank da Câmara;0;Satisfatório;0;0;0;Sem depósito
312510;Pouso Alegre;Extrema;0;Satisfatório;0;0;0;Sem depósito
312530;Manhumirim;Faria Lemos;0;Satisfatório;0;0;0;Sem depósito
312540;Diamantina;Felício dos Santos;0;Satisfatório;0;0;0;Sem depósito
312590;Itabira;Ferros;0;Satisfatório;0;0;0;Sem depósito
312595;Manhumirim;Fervedouro;0;Satisfatório;0;0;0;Sem depósito
312620;Unaí;Formoso;0;Satisfatório;0;0;0;Sem depósito
312680;Teófilo Otoni;Frei Gaspar;0;Satisfatório;0;0;0;Sem depósito
312705;Teófilo Otoni;Fronteira dos Vales;0;Satisfatório;0;0;0;Sem depósito
312740;Pouso Alegre;Gonçalves;0;Satisfatório;0;0;0;Sem depósito
312750;Governador Valadares;Gonzaga;0;Satisfatório;0;0;0;Sem depósito
312830;Alfenas;Guaranésia;0;Satisfatório;0;0;0;Sem depósito
312840;Ubá;Guarani;0;Satisfatório;0;0;0;Sem depósito
312850;Juiz de Fora;Guarará;0;Satisfatório;0;0;0;Sem depósito
312890;Patos de Minas;Guimarânia;0;Satisfatório;0;0;0;Sem depósito
313060;Pouso Alegre;Inconfidentes;0;Satisfatório;0;0;0;Sem depósito
313065;Montes Claros;Indaiabira;0;Satisfatório;0;0;0;Sem depósito
313070;Uberlândia;Indianópolis;0;Satisfatório;0;0;0;Sem depósito
313090;Coronel Fabriciano;Inhapim;0;Satisfatório;0;0;0;Sem depósito
313150;Pouso Alegre;Ipuiúna;0;Satisfatório;0;0;0;Sem depósito
313200;Montes Claros;Itacambira;0;Satisfatório;0;0;0;Sem depósito
313230;Teófilo Otoni;Itaipé;0;Satisfatório;0;0;0;Sem depósito
313310;Varginha;Itanhandu;0;Satisfatório;0;0;0;Sem depósito
313320;Governador Valadares;Itanhomi;0;Satisfatório;0;0;0;Sem depósito
313330;Pedra Azul;Itaobim;0;Satisfatório;0;0;0;Sem depósito
313535;Januária;Japonvar;0;Satisfatório;0;0;0;Sem depósito
313590;Varginha;Jesuânia;0;Satisfatório;0;0;0;Sem depósito
313655;Governador Valadares;José Raydan;0;Satisfatório;0;0;0;Sem depósito
313690;Alfenas;Juruaia;0;Satisfatório;0;0;0;Sem depósito
313695;Januária;Juvenília;0;Satisfatório;0;0;0;Sem depósito
313780;Varginha;Lambari;0;Satisfatório;0;0;0;Sem depósito
313830;Divinópolis;Leandro Ferreira;0;Satisfatório;0;0;0;Sem depósito
313835;Diamantina;Leme do Prado;0;Satisfatório;0;0;0;Sem depósito
313850;Juiz de Fora;Liberdade;0;Satisfatório;0;0;0;Sem depósito
313865;Januária;Lontra;0;Satisfatório;0;0;0;Sem depósito
313867;Manhumirim;Luisburgo;0;Satisfatório;0;0;0;Sem depósito
313870;Varginha;Luminárias;0;Satisfatório;0;0;0;Sem depósito
313910;São João Del Rei;Madre de Deus de Minas;0;Satisfatório;0;0;0;Sem depósito
313930;Januária;Manga;0;Satisfatório;0;0;0;Sem depósito
314053;Manhumirim;Martins Soares;0;Satisfatório;0;0;0;Sem depósito
314140;Pedra Azul;Medina;0;Satisfatório;0;0;0;Sem depósito
314180;Diamantina;Minas Novas;0;Satisfatório;0;0;0;Sem depósito
314200;Januária;Mirabela;0;Satisfatório;0;0;0;Sem depósito
314210;Ubá;Miradouro;0;Satisfatório;0;0;0;Sem depósito
314220;Ubá;Miraí;0;Satisfatório;0;0;0;Sem depósito
314225;Januária;Miravânia;0;Satisfatório;0;0;0;Sem depósito
314230;Belo Horizonte;Moeda;0;Satisfatório;0;0;0;Sem depósito
314260;Varginha;Monsenhor Paulo;0;Satisfatório;0;0;0;Sem depósito
314270;Januária;Montalvânia;0;Satisfatório;0;0;0;Sem depósito
314345;Montes Claros;Montezuma;0;Satisfatório;0;0;0;Sem depósito
314440;Pouso Alegre;Natércia;0;Satisfatório;0;0;0;Sem depósito
314467;Governador Valadares;Nova Belém;0;Satisfatório;0;0;0;Sem depósito
314505;Montes Claros;Nova Porteirinha;0;Satisfatório;0;0;0;Sem depósito
314535;Teófilo Otoni;Novo Oriente de Minas;0;Satisfatório;0;0;0;Sem depósito
314540;Juiz de Fora;Olaria;0;Satisfatório;0;0;0;Sem depósito
314550;Varginha;Olímpio Noronha;0;Satisfatório;0;0;0;Sem depósito
314570;Juiz de Fora;Oliveira Fortes;0;Satisfatório;0;0;0;Sem depósito
314587;Manhumirim;Orizânia;0;Satisfatório;0;0;0;Sem depósito
314600;Pouso Alegre;Ouro Fino;0;Satisfatório;0;0;0;Sem depósito
314620;Teófilo Otoni;Ouro Verde de Minas;0;Satisfatório;0;0;0;Sem depósito
314660;Barbacena;Paiva;0;Satisfatório;0;0;0;Sem depósito
314760;Varginha;Passa Quatro;0;Satisfatório;0;0;0;Sem depósito
314750;Itabira;Passabém;0;Satisfatório;0;0;0;Sem depósito
314780;Juiz de Fora;Passa-Vinte;0;Satisfatório;0;0;0;Sem depósito
314830;Ponte Nova;Paula Cândido;0;Satisfatório;0;0;0;Sem depósito
314840;Governador Valadares;Paulistas;0;Satisfatório;0;0;0;Sem depósito
314875;Manhumirim;Pedra Bonita;0;Satisfatório;0;0;0;Sem depósito
314880;Ponte Nova;Pedra do Anta;0;Satisfatório;0;0;0;Sem depósito
314900;Manhumirim;Pedra Dourada;0;Satisfatório;0;0;0;Sem depósito
315030;São João Del Rei;Piedade do Rio Grande;0;Satisfatório;0;0;0;Sem depósito
315053;Coronel Fabriciano;Pingo-d'Água;0;Satisfatório;0;0;0;Sem depósito
315057;Januária;Pintópolis;0;Satisfatório;0;0;0;Sem depósito
315080;Barbacena;Piranga;0;Satisfatório;0;0;0;Sem depósito
315100;Pouso Alegre;Piranguinho;0;Satisfatório;0;0;0;Sem depósito
315260;Varginha;Pouso Alto;0;Satisfatório;0;0;0;Sem depósito
315300;Uberaba;Pratinha;0;Satisfatório;0;0;0;Sem depósito
315320;Sete Lagoas;Presidente Juscelino;0;Satisfatório;0;0;0;Sem depósito
315330;Diamantina;Presidente Kubitschek;0;Satisfatório;0;0;0;Sem depósito
315370;Sete Lagoas;Quartel Geral;0;Satisfatório;0;0;0;Sem depósito
315380;Barbacena;Queluzito;0;Satisfatório;0;0;0;Sem depósito
315420;São João Del Rei;Resende Costa;0;Satisfatório;0;0;0;Sem depósito
315440;Barbacena;Ressaquinha;0;Satisfatório;0;0;0;Sem depósito
315445;Unaí;Riachinho;0;Satisfatório;0;0;0;Sem depósito
315510;Pedra Azul;Rio do Prado;0;Satisfatório;0;0;0;Sem depósito
315520;Barbacena;Rio Espera;0;Satisfatório;0;0;0;Sem depósito
315530;Belo Horizonte;Rio Manso;0;Satisfatório;0;0;0;Sem depósito
315570;Itabira;Rio Piracicaba;0;Satisfatório;0;0;0;Sem depósito
315620;Juiz de Fora;Rochedo de Minas;0;Satisfatório;0;0;0;Sem depósito
315645;Ubá;Rosário da Limeira;0;Satisfatório;0;0;0;Sem depósito
315727;Juiz de Fora;Santa Bárbara do Monte Verde;0;Satisfatório;0;0;0;Sem depósito
315730;Barbacena;Santa Bárbara do Tugúrio;0;Satisfatório;0;0;0;Sem depósito
315740;Ponte Nova;Santa Cruz do Escalvado;0;Satisfatório;0;0;0;Sem depósito
315765;Teófilo Otoni;Santa Helena de Minas;0;Satisfatório;0;0;0;Sem depósito
315810;Pedra Azul;Santa Maria do Salto;0;Satisfatório;0;0;0;Sem depósito
315935;Coronel Fabriciano;Santa Rita de Minas;0;Satisfatório;0;0;0;Sem depósito
315950;Governador Valadares;Santa Rita do Itueto;0;Satisfatório;0;0;0;Sem depósito
315830;Varginha;Santana da Vargem;0;Satisfatório;0;0;0;Sem depósito
315870;Barbacena;Santana do Garambéu;0;Satisfatório;0;0;0;Sem depósito
315910;Barbacena;Santana dos Montes;0;Satisfatório;0;0;0;Sem depósito
316020;Diamantina;Santo Antônio do Itambé;0;Satisfatório;0;0;0;Sem depósito
316045;Montes Claros;Santo Antônio do Retiro;0;Satisfatório;0;0;0;Sem depósito
316080;Varginha;São Bento Abade;0;Satisfatório;0;0;0;Sem depósito
316090;Barbacena;São Brás do Suaçuí;0;Satisfatório;0;0;0;Sem depósito
316110;Januária;São Francisco (MG);0;Satisfatório;0;0;0;Sem depósito
316150;Ubá;São Geraldo;0;Satisfatório;0;0;0;Sem depósito
316170;Patos de Minas;São Gonçalo do Abaeté;0;Satisfatório;0;0;0;Sem depósito
316190;Itabira;São Gonçalo do Rio Abaixo;0;Satisfatório;0;0;0;Sem depósito
316330;Teófilo Otoni;São José do Divino;0;Satisfatório;0;0;0;Sem depósito
316350;Governador Valadares;São José do Jacuri;0;Satisfatório;0;0;0;Sem depósito
316360;Manhumirim;São José do Mantimento;0;Satisfatório;0;0;0;Sem depósito
316380;Ponte Nova;São Miguel do Anta;0;Satisfatório;0;0;0;Sem depósito
316410;Governador Valadares;São Pedro do Suaçuí;0;Satisfatório;0;0;0;Sem depósito
316420;Januária;São Romão;0;Satisfatório;0;0;0;Sem depósito
316440;Pouso Alegre;São Sebastião da Bela Vista;0;Satisfatório;0;0;0;Sem depósito
316443;Ubá;São Sebastião da Vargem Alegre;0;Satisfatório;0;0;0;Sem depósito
316447;Coronel Fabriciano;São Sebastião do Anta;0;Satisfatório;0;0;0;Sem depósito
316480;Itabira;São Sebastião do Rio Preto;0;Satisfatório;0;0;0;Sem depósito
316490;Varginha;São Sebastião do Rio Verde;0;Satisfatório;0;0;0;Sem depósito
316520;Varginha;São Thomé das Letras;0;Satisfatório;0;0;0;Sem depósito
316530;São João Del Rei;São Vicente de Minas;0;Satisfatório;0;0;0;Sem depósito
316550;Governador Valadares;Sardoá;0;Satisfatório;0;0;0;Sem depósito
316556;Ponte Nova;Sem-Peixe;0;Satisfatório;0;0;0;Sem depósito
316557;Pouso Alegre;Senador Amaral;0;Satisfatório;0;0;0;Sem depósito
316560;Juiz de Fora;Senador Cortes;0;Satisfatório;0;0;0;Sem depósito
316580;Pouso Alegre;Senador José Bento;0;Satisfatório;0;0;0;Sem depósito
316590;Diamantina;Senador Modestino Gonçalves;0;Satisfatório;0;0;0;Sem depósito
316600;Barbacena;Senhora de Oliveira;0;Satisfatório;0;0;0;Sem depósito
316610;Itabira;Senhora do Porto;0;Satisfatório;0;0;0;Sem depósito
316620;Barbacena;Senhora dos Remédios;0;Satisfatório;0;0;0;Sem depósito
316630;Ponte Nova;Sericita;0;Satisfatório;0;0;0;Sem depósito
316640;Varginha;Seritinga;0;Satisfatório;0;0;0;Sem depósito
316660;Divinópolis;Serra da Saudade;0;Satisfatório;0;0;0;Sem depósito
316695;Montes Claros;Serranópolis de Minas;0;Satisfatório;0;0;0;Sem depósito
316700;Varginha;Serranos;0;Satisfatório;0;0;0;Sem depósito
316730;Ubá;Silveirânia;0;Satisfatório;0;0;0;Sem depósito
316740;Pouso Alegre;Silvianópolis;0;Satisfatório;0;0;0;Sem depósito
316760;Manhumirim;Simonésia;0;Satisfatório;0;0;0;Sem depósito
316840;Governador Valadares;Tarumirim;0;Satisfatório;0;0;0;Sem depósito
316905;Pouso Alegre;Tocos do Moji;0;Satisfatório;0;0;0;Sem depósito
316910;Pouso Alegre;Toledo;0;Satisfatório;0;0;0;Sem depósito
316950;Governador Valadares;Tumiritinga;0;Satisfatório;0;0;0;Sem depósito
316980;Pouso Alegre;Turvolândia;0;Satisfatório;0;0;0;Sem depósito
317000;Januária;Ubaí;0;Satisfatório;0;0;0;Sem depósito
317005;Coronel Fabriciano;Ubaporanga;0;Satisfatório;0;0;0;Sem depósito
317030;Teófilo Otoni;Umburatiba;0;Satisfatório;0;0;0;Sem depósito
317047;Unaí;Uruana de Minas;0;Satisfatório;0;0;0;Sem depósito
317060;Passos;Vargem Bonita;0;Satisfatório;0;0;0;Sem depósito
317065;Montes Claros;Vargem Grande do Rio Pardo;0;Satisfatório;0;0;0;Sem depósito
317103;Montes Claros;Verdelândia;0;Satisfatório;0;0;0;Sem depósito
317107;Diamantina;Veredinha;0;Satisfatório;0;0;0;Sem depósito
317160;Diamantina;Virgem da Lapa;0;Satisfatório;0;0;0;Sem depósito
317170;Varginha;Virgínia;0;Satisfatório;0;0;0;Sem depósito
317180;Itabira;Virginópolis;0;Satisfatório;0;0;0;Sem depósito
317190;Governador Valadares;Virgolândia;0;Satisfatório;0;0;0;Sem depósito
317220;Pouso Alegre;Wenceslau Braz;0;Satisfatório;0;0;0;Sem depósito
;;;;;;;;
;;;;;;;;
;;;;;;;;
;;;;;;;;
;;;;;;;;
;;;;;;;;
;;;;;;;;
;;;;;;;;
;;;;;;;;
;;;;;;;;
;;;;;;;;
;;;;;;;;
;;;;;;;;
;;;;;;;;
;;;;;;;;
;;;;;;;;
;;;;;;;;
;;;;;;;;
;;;;;;;;
;;;;;;;;
;;;;;;;;
;;;;;;;;
;;;;;;;;
;;;;;;;;
;;;;;;;;
;;;;;;;;
;;;;;;;;
;;;;;;;;
;;;;;;;;
;;;;;;;;
;;;;;;;;
;;;;;;;;
;;;;;;;;
;;;;;;;;
;;;;;;;;
;;;;;;;;
;;;;;;;;
;;;;;;;;
;;;;;;;;
;;;;;;;;
;;;;;;;;
;;;;;;;;
;;;;;;;;
;;;;;;;;
;;;;;;;;
;;;;;;;;
;;;;;;;;
;;;;;;;;
;;;;;;;;
;;;;;;;;
;;;;;;;;
;;;;;;;;
;;;;;;;;
;;;;;;;;
;;;;;;;;
;;;;;;;;
;;;;;;;;
;;;;;;;;
;;;;;;;;
;;;;;;;;
;;;;;;;;
;;;;;;;;
;;;;;;;;
;;;;;;;;
;;;;;;;;
;;;;;;;;
;;;;;;;;
;;;;;;;;
;;;;;;;;
;;;;;;;;
;;;;;;;;
;;;;;;;;
;;;;;;;;
;;;;;;;;
;;;;;;;;
;;;;;;;;
;;;;;;;;
;;;;;;;;
;;;;;;;;
;;;;;;;;
;;;;;;;;
;;;;;;;;
;;;;;;;;
;;;;;;;;
;;;;;;;;
;;;;;;;;
;;;;;;;;
;;;;;;;;
;;;;;;;;
;;;;;;;;
;;;;;;;;
;;;;;;;;
;;;;;;;;
;;;;;;;;
;;;;;;;;
;;;;;;;;
;;;;;;;;
;;;;;;;;
;;;;;;;;
;;;;;;;;
;;;;;;;;
;;;;;;;;
;;;;;;;;
;;;;;;;;
;;;;;;;;
;;;;;;;;
;;;;;;;;
;;;;;;;;
;;;;;;;;
;;;;;;;;
;;;;;;;;
;;;;;;;;
;;;;;;;;
;;;;;;;;
;;;;;;;;
;;;;;;;;
;;;;;;;;
;;;;;;;;
;;;;;;;;
;;;;;;;;
;;;;;;;;
;;;;;;;;
;;;;;;;;
;;;;;;;;
;;;;;;;;
;;;;;;;;
;;;;;;;;
;;;;;;;;
;;;;;;;;
;;;;;;;;
;;;;;;;;
;;;;;;;;
;;;;;;;;
;;;;;;;;
;;;;;;;;
;;;;;;;;
;;;;;;;;
;;;;;;;;
;;;;;;;;
;;;;;;;;
;;;;;;;;
;;;;;;;;
;;;;;;;;
;;;;;;;;
;;;;;;;;
;;;;;;;;
;;;;;;;;
;;;;;;;;
;;;;;;;;
;;;;;;;;
;;;;;;;;
;;;;;;;;
;;;;;;;;
;;;;;;;;
;;;;;;;;
;;;;;;;;
;;;;;;;;
;;;;;;;;
;;;;;;;;
;;;;;;;;
;;;;;;;;
;;;;;;;;
;;;;;;;;
;;;;;;;;
;;;;;;;;
;;;;;;;;
;;;;;;;;
;;;;;;;;
;;;;;;;;
;;;;;;;;
;;;;;;;;
;;;;;;;;
;;;;;;;;
;;;;;;;;
;;;;;;;;
;;;;;;;;
;;;;;;;;
;;;;;;;;
;;;;;;;;
;;;;;;;;
;;;;;;;;
;;;;;;;;
;;;;;;;;
;;;;;;;;
;;;;;;;;
;;;;;;;;
;;;;;;;;
;;;;;;;;
;;;;;;;;
;;;;;;;;
;;;;;;;;
;;;;;;;;
;;;;;;;;
;;;;;;;;
;;;;;;;;
;;;;;;;;
;;;;;;;;
;;;;;;;;
;;;;;;;;
;;;;;;;;
;;;;;;;;
;;;;;;;;
;;;;;;;;
;;;;;;;;
;;;;;;;;
;;;;;;;;
;;;;;;;;
;;;;;;;;
;;;;;;;;
;;;;;;;;
;;;;;;;;
;;;;;;;;
;;;;;;;;
;;;;;;;;
;;;;;;;;
;;;;;;;;
;;;;;;;;
;;;;;;;;
;;;;;;;;
;;;;;;;;
;;;;;;;;
;;;;;;;;
;;;;;;;;
;;;;;;;;
;;;;;;;;
;;;;;;;;
;;;;;;;;
;;;;;;;;
;;;;;;;;
;;;;;;;;
;;;;;;;;
;;;;;;;;
;;;;;;;;
;;;;;;;;
;;;;;;;;
;;;;;;;;
;;;;;;;;
;;;;;;;;
;;;;;;;;
;;;;;;;;
;;;;;;;;
;;;;;;;;
;;;;;;;;
;;;;;;;;
;;;;;;;;
;;;;;;;;
;;;;;;;;
;;;;;;;;
;;;;;;;;
;;;;;;;;
;;;;;;;;
;;;;;;;;
;;;;;;;;
;;;;;;;;
;;;;;;;;
;;;;;;;;
;;;;;;;;
;;;;;;;;
;;;;;;;;
;;;;;;;;
;;;;;;;;
;;;;;;;;
;;;;;;;;
;;;;;;;;
;;;;;;;;
;;;;;;;;
;;;;;;;;
;;;;;;;;
;;;;;;;;
;;;;;;;;
;;;;;;;;
;;;;;;;;
;;;;;;;;
;;;;;;;;
;;;;;;;;
;;;;;;;;
;;;;;;;;
;;;;;;;;
;;;;;;;;
;;;;;;;;
;;;;;;;;
;;;;;;;;
;;;;;;;;
;;;;;;;;
;;;;;;;;
;;;;;;;;
;;;;;;;;
;;;;;;;;
;;;;;;;;
;;;;;;;;
;;;;;;;;
;;;;;;;;
;;;;;;;;
;;;;;;;;
;;;;;;;;
;;;;;;;;
;;;;;;;;
;;;;;;;;
;;;;;;;;
;;;;;;;;
;;;;;;;;
;;;;;;;;
;;;;;;;;
;;;;;;;;
;;;;;;;;
;;;;;;;;
;;;;;;;;
;;;;;;;;
;;;;;;;;
;;;;;;;;
;;;;;;;;
;;;;;;;;
;;;;;;;;
;;;;;;;;
;;;;;;;;
;;;;;;;;
;;;;;;;;
;;;;;;;;
;;;;;;;;
;;;;;;;;
;;;;;;;;
;;;;;;;;
;;;;;;;;
;;;;;;;;
;;;;;;;;
;;;;;;;;
;;;;;;;;
;;;;;;;;
;;;;;;;;
;;;;;;;;
;;;;;;;;
;;;;;;;;
;;;;;;;;
;;;;;;;;
;;;;;;;;
;;;;;;;;
;;;;;;;;
;;;;;;;;
;;;;;;;;
;;;;;;;;
;;;;;;;;
;;;;;;;;
;;;;;;;;
;;;;;;;;
;;;;;;;;
;;;;;;;;
;;;;;;;;
;;;;;;;;
;;;;;;;;
;;;;;;;;
;;;;;;;;
;;;;;;;;
;;;;;;;;
;;;;;;;;
;;;;;;;;
;;;;;;;;
;;;;;;;;
;;;;;;;;
;;;;;;;;
;;;;;;;;
;;;;;;;;
;;;;;;;;
;;;;;;;;
;;;;;;;;
;;;;;;;;
;;;;;;;;
;;;;;;;;
;;;;;;;;
;;;;;;;;
;;;;;;;;
;;;;;;;;
;;;;;;;;
;;;;;;;;
;;;;;;;;
;;;;;;;;
;;;;;;;;
;;;;;;;;
;;;;;;;;
;;;;;;;;
;;;;;;;;
;;;;;;;;
;;;;;;;;
;;;;;;;;
;;;;;;;;
;;;;;;;;
;;;;;;;;
;;;;;;;;
;;;;;;;;
;;;;;;;;
;;;;;;;;
;;;;;;;;
;;;;;;;;
;;;;;;;;
;;;;;;;;
;;;;;;;;
;;;;;;;;
;;;;;;;;
;;;;;;;;
;;;;;;;;
;;;;;;;;
;;;;;;;;
;;;;;;;;
;;;;;;;;
;;;;;;;;
;;;;;;;;
;;;;;;;;
;;;;;;;;
;;;;;;;;
;;;;;;;;
;;;;;;;;
;;;;;;;;
;;;;;;;;
;;;;;;;;
;;;;;;;;
;;;;;;;;
;;;;;;;;
;;;;;;;;
;;;;;;;;
;;;;;;;;
;;;;;;;;
;;;;;;;;
;;;;;;;;
;;;;;;;;
;;;;;;;;
;;;;;;;;
;;;;;;;;
;;;;;;;;
;;;;;;;;
;;;;;;;;
;;;;;;;;
;;;;;;;;
;;;;;;;;
;;;;;;;;
;;;;;;;;
;;;;;;;;
;;;;;;;;
;;;;;;;;
;;;;;;;;
;;;;;;;;
;;;;;;;;
;;;;;;;;
;;;;;;;;
;;;;;;;;
;;;;;;;;
;;;;;;;;
;;;;;;;;
;;;;;;;;
;;;;;;;;
;;;;;;;;
;;;;;;;;
;;;;;;;;
;;;;;;;;
;;;;;;;;
;;;;;;;;
;;;;;;;;
;;;;;;;;
;;;;;;;;
;;;;;;;;
;;;;;;;;
;;;;;;;;
;;;;;;;;
;;;;;;;;
;;;;;;;;
;;;;;;;;
;;;;;;;;
;;;;;;;;
;;;;;;;;
;;;;;;;;
;;;;;;;;
;;;;;;;;
;;;;;;;;
;;;;;;;;
;;;;;;;;
;;;;;;;;
;;;;;;;;
;;;;;;;;
;;;;;;;;
;;;;;;;;
;;;;;;;;
;;;;;;;;
;;;;;;;;
;;;;;;;;
;;;;;;;;
;;;;;;;;
;;;;;;;;
;;;;;;;;
;;;;;;;;
;;;;;;;;
;;;;;;;;
;;;;;;;;
;;;;;;;;
;;;;;;;;
;;;;;;;;
;;;;;;;;
;;;;;;;;
;;;;;;;;
;;;;;;;;
;;;;;;;;
;;;;;;;;
;;;;;;;;
;;;;;;;;
;;;;;;;;
;;;;;;;;
;;;;;;;;
;;;;;;;;
;;;;;;;;
;;;;;;;;
;;;;;;;;
;;;;;;;;
;;;;;;;;
;;;;;;;;
;;;;;;;;
;;;;;;;;
;;;;;;;;
;;;;;;;;
;;;;;;;;
;;;;;;;;
;;;;;;;;
;;;;;;;;
;;;;;;;;
;;;;;;;;
;;;;;;;;
;;;;;;;;
;;;;;;;;
;;;;;;;;
;;;;;;;;
;;;;;;;;
;;;;;;;;
;;;;;;;;
;;;;;;;;
;;;;;;;;
;;;;;;;;
;;;;;;;;
;;;;;;;;
;;;;;;;;
;;;;;;;;
;;;;;;;;
;;;;;;;;
;;;;;;;;
;;;;;;;;
;;;;;;;;
;;;;;;;;
;;;;;;;;
;;;;;;;;
;;;;;;;;
;;;;;;;;
;;;;;;;;
;;;;;;;;
;;;;;;;;
;;;;;;;;
;;;;;;;;
;;;;;;;;
;;;;;;;;
;;;;;;;;
;;;;;;;;
;;;;;;;;
;;;;;;;;
;;;;;;;;
;;;;;;;;
;;;;;;;;
;;;;;;;;
;;;;;;;;
;;;;;;;;
;;;;;;;;
;;;;;;;;
;;;;;;;;
;;;;;;;;
;;;;;;;;
;;;;;;;;
;;;;;;;;
;;;;;;;;
;;;;;;;;
;;;;;;;;
;;;;;;;;
;;;;;;;;
;;;;;;;;
;;;;;;;;
;;;;;;;;
;;;;;;;;
;;;;;;;;
;;;;;;;;
;;;;;;;;
;;;;;;;;
;;;;;;;;
;;;;;;;;
;;;;;;;;
;;;;;;;;
;;;;;;;;
;;;;;;;;
;;;;;;;;
;;;;;;;;
;;;;;;;;
;;;;;;;;
;;;;;;;;
;;;;;;;;
;;;;;;;;
;;;;;;;;
;;;;;;;;
;;;;;;;;
;;;;;;;;
;;;;;;;;
;;;;;;;;
;;;;;;;;
;;;;;;;;
;;;;;;;;
;;;;;;;;
;;;;;;;;
;;;;;;;;
;;;;;;;;
;;;;;;;;
;;;;;;;;
;;;;;;;;
;;;;;;;;
;;;;;;;;
;;;;;;;;
;;;;;;;;
;;;;;;;;
;;;;;;;;
;;;;;;;;
;;;;;;;;
;;;;;;;;
;;;;;;;;
;;;;;;;;
;;;;;;;;
;;;;;;;;
;;;;;;;;
;;;;;;;;
;;;;;;;;
;;;;;;;;
;;;;;;;;
;;;;;;;;
;;;;;;;;
;;;;;;;;
;;;;;;;;
;;;;;;;;
;;;;;;;;
;;;;;;;;
;;;;;;;;
;;;;;;;;
;;;;;;;;
;;;;;;;;
;;;;;;;;
;;;;;;;;
;;;;;;;;
;;;;;;;;
;;;;;;;;
;;;;;;;;
;;;;;;;;
;;;;;;;;
;;;;;;;;
;;;;;;;;
;;;;;;;;
;;;;;;;;
;;;;;;;;
;;;;;;;;
;;;;;;;;
;;;;;;;;
;;;;;;;;
;;;;;;;;
;;;;;;;;
;;;;;;;;
;;;;;;;;
;;;;;;;;
;;;;;;;;
;;;;;;;;
;;;;;;;;
;;;;;;;;
;;;;;;;;
;;;;;;;;
;;;;;;;;
;;;;;;;;
;;;;;;;;
;;;;;;;;
;;;;;;;;
;;;;;;;;
;;;;;;;;
;;;;;;;;
;;;;;;;;
;;;;;;;;
;;;;;;;;
;;;;;;;;
;;;;;;;;
;;;;;;;;
;;;;;;;;
;;;;;;;;
;;;;;;;;
;;;;;;;;
;;;;;;;;
;;;;;;;;
;;;;;;;;
;;;;;;;;
;;;;;;;;
;;;;;;;;
;;;;;;;;
;;;;;;;;
;;;;;;;;
;;;;;;;;
;;;;;;;;
;;;;;;;;
;;;;;;;;
;;;;;;;;
;;;;;;;;
;;;;;;;;
;;;;;;;;
;;;;;;;;
;;;;;;;;
;;;;;;;;
;;;;;;;;
;;;;;;;;
;;;;;;;;
;;;;;;;;
;;;;;;;;
;;;;;;;;
;;;;;;;;
;;;;;;;;
;;;;;;;;
;;;;;;;;
;;;;;;;;
;;;;;;;;
;;;;;;;;
;;;;;;;;
;;;;;;;;
;;;;;;;;
;;;;;;;;
;;;;;;;;
;;;;;;;;
;;;;;;;;
;;;;;;;;
;;;;;;;;
;;;;;;;;
;;;;;;;;
;;;;;;;;
;;;;;;;;
;;;;;;;;
;;;;;;;;
;;;;;;;;
;;;;;;;;
;;;;;;;;
;;;;;;;;
;;;;;;;;
;;;;;;;;
;;;;;;;;
;;;;;;;;
;;;;;;;;
;;;;;;;;
;;;;;;;;
;;;;;;;;
;;;;;;;;
;;;;;;;;
;;;;;;;;
;;;;;;;;
;;;;;;;;
;;;;;;;;
;;;;;;;;
;;;;;;;;
;;;;;;;;
;;;;;;;;
;;;;;;;;
;;;;;;;;
;;;;;;;;
;;;;;;;;
;;;;;;;;
;;;;;;;;
;;;;;;;;
;;;;;;;;
;;;;;;;;
;;;;;;;;
;;;;;;;;
;;;;;;;;
;;;;;;;;
;;;;;;;;
;;;;;;;;
;;;;;;;;
;;;;;;;;
;;;;;;;;
;;;;;;;;
;;;;;;;;
;;;;;;;;
;;;;;;;;
;;;;;;;;
;;;;;;;;
;;;;;;;;
;;;;;;;;
;;;;;;;;
;;;;;;;;
;;;;;;;;
;;;;;;;;
;;;;;;;;
;;;;;;;;
;;;;;;;;
;;;;;;;;
;;;;;;;;
;;;;;;;;
;;;;;;;;
